[{
  "_id": {
    "$oid": "6550a93fea0371cbab511705"
  },
  "user_id": {
    "$oid": "6550a4d5ea0371cbab5112fc"
  },
  "products": [
    {
      "product_id": {
        "$oid": "6550a413ea0371cbab510f12"
      },
      "quantity": 2
    },
    {
      "product_id": {
        "$oid": "6550a413ea0371cbab510f13"
      },
      "quantity": 1
    }
  ]
},
{
  "_id": {
    "$oid": "6550a93fea0371cbab511706"
  },
  "user_id": {
    "$oid": "6550a4d5ea0371cbab5112fd"
  },
  "products": [
    {
      "product_id": {
        "$oid": "6550a413ea0371cbab510f14"
      },
      "quantity": 3
    },
    {
      "product_id": {
        "$oid": "6550a413ea0371cbab510f15"
      },
      "quantity": 1
    }
  ]
},
{
  "_id": {
    "$oid": "6550a93fea0371cbab511707"
  },
  "user_id": {
    "$oid": "6550a4d5ea0371cbab5112fe"
  },
  "products": [
    {
      "product_id": {
        "$oid": "6550a413ea0371cbab510f16"
      },
      "quantity": 2
    },
    {
      "product_id": {
        "$oid": "6550a413ea0371cbab510f17"
      },
      "quantity": 2
    }
  ]
},
{
  "_id": {
    "$oid": "6550a93fea0371cbab511708"
  },
  "user_id": {
    "$oid": "6550a4d5ea0371cbab5112ff"
  },
  "products": [
    {
      "product_id": {
        "$oid": "6550a413ea0371cbab510f18"
      },
      "quantity": 1
    },
    {
      "product_id": {
        "$oid": "6550a413ea0371cbab510f19"
      },
      "quantity": 1
    }
  ]
},
{
  "_id": {
    "$oid": "6550a93fea0371cbab511709"
  },
  "user_id": {
    "$oid": "6550a4d5ea0371cbab511300"
  },
  "products": [
    {
      "product_id": {
        "$oid": "6550a413ea0371cbab510f1a"
      },
      "quantity": 2
    },
    {
      "product_id": {
        "$oid": "6550a413ea0371cbab510f1b"
      },
      "quantity": 3
    }
  ]
},
{
  "_id": {
    "$oid": "6550a93fea0371cbab51170a"
  },
  "user_id": {
    "$oid": "6550a4d5ea0371cbab511301"
  },
  "products": [
    {
      "product_id": {
        "$oid": "6550a413ea0371cbab510f1c"
      },
      "quantity": 1
    },
    {
      "product_id": {
        "$oid": "6550a413ea0371cbab510f1d"
      },
      "quantity": 2
    }
  ]
},
{
  "_id": {
    "$oid": "6550a93fea0371cbab51170b"
  },
  "user_id": {
    "$oid": "6550a4d5ea0371cbab511302"
  },
  "products": [
    {
      "product_id": {
        "$oid": "6550a413ea0371cbab510f1e"
      },
      "quantity": 2
    },
    {
      "product_id": {
        "$oid": "6550a413ea0371cbab510f1f"
      },
      "quantity": 1
    }
  ]
},
{
  "_id": {
    "$oid": "6550a93fea0371cbab51170c"
  },
  "user_id": {
    "$oid": "6550a4d5ea0371cbab511303"
  },
  "products": [
    {
      "product_id": {
        "$oid": "6550a413ea0371cbab510f20"
      },
      "quantity": 3
    },
    {
      "product_id": {
        "$oid": "6550a413ea0371cbab510f21"
      },
      "quantity": 1
    }
  ]
},
{
  "_id": {
    "$oid": "6550a93fea0371cbab51170d"
  },
  "user_id": {
    "$oid": "6550a4d5ea0371cbab511304"
  },
  "products": [
    {
      "product_id": {
        "$oid": "6550a413ea0371cbab510f22"
      },
      "quantity": 1
    },
    {
      "product_id": {
        "$oid": "6550a413ea0371cbab510f23"
      },
      "quantity": 2
    }
  ]
},
{
  "_id": {
    "$oid": "6550a93fea0371cbab51170e"
  },
  "user_id": {
    "$oid": "6550a4d5ea0371cbab511305"
  },
  "products": [
    {
      "product_id": {
        "$oid": "6550a413ea0371cbab510f24"
      },
      "quantity": 3
    },
    {
      "product_id": {
        "$oid": "6550a413ea0371cbab510f25"
      },
      "quantity": 1
    }
  ]
},
{
  "_id": {
    "$oid": "6550a93fea0371cbab51170f"
  },
  "user_id": {
    "$oid": "6550a4d5ea0371cbab511306"
  },
  "products": [
    {
      "product_id": {
        "$oid": "6550a413ea0371cbab510f26"
      },
      "quantity": 2
    },
    {
      "product_id": {
        "$oid": "6550a413ea0371cbab510f27"
      },
      "quantity": 2
    }
  ]
},
{
  "_id": {
    "$oid": "6550a93fea0371cbab511710"
  },
  "user_id": {
    "$oid": "6550a4d5ea0371cbab511307"
  },
  "products": [
    {
      "product_id": {
        "$oid": "6550a413ea0371cbab510f28"
      },
      "quantity": 1
    },
    {
      "product_id": {
        "$oid": "6550a413ea0371cbab510f29"
      },
      "quantity": 1
    }
  ]
},
{
  "_id": {
    "$oid": "6550a93fea0371cbab511711"
  },
  "user_id": {
    "$oid": "6550a4d5ea0371cbab511308"
  },
  "products": [
    {
      "product_id": {
        "$oid": "6550a413ea0371cbab510f2a"
      },
      "quantity": 2
    },
    {
      "product_id": {
        "$oid": "6550a413ea0371cbab510f2b"
      },
      "quantity": 3
    }
  ]
},
{
  "_id": {
    "$oid": "6550a93fea0371cbab511712"
  },
  "user_id": {
    "$oid": "6550a4d5ea0371cbab511309"
  },
  "products": [
    {
      "product_id": {
        "$oid": "6550a413ea0371cbab510f2c"
      },
      "quantity": 1
    },
    {
      "product_id": {
        "$oid": "6550a413ea0371cbab510f2d"
      },
      "quantity": 2
    }
  ]
},
{
  "_id": {
    "$oid": "6550a93fea0371cbab511713"
  },
  "user_id": {
    "$oid": "6550a4d5ea0371cbab51130a"
  },
  "products": [
    {
      "product_id": {
        "$oid": "6550a413ea0371cbab510f2e"
      },
      "quantity": 2
    },
    {
      "product_id": {
        "$oid": "6550a413ea0371cbab510f2f"
      },
      "quantity": 1
    }
  ]
},
{
  "_id": {
    "$oid": "6550a93fea0371cbab511714"
  },
  "user_id": {
    "$oid": "6550a4d5ea0371cbab51130b"
  },
  "products": [
    {
      "product_id": {
        "$oid": "6550a413ea0371cbab510f30"
      },
      "quantity": 3
    },
    {
      "product_id": {
        "$oid": "6550a413ea0371cbab510f31"
      },
      "quantity": 1
    }
  ]
},
{
  "_id": {
    "$oid": "6550a93fea0371cbab511715"
  },
  "user_id": {
    "$oid": "6550a4d5ea0371cbab51130c"
  },
  "products": [
    {
      "product_id": {
        "$oid": "6550a413ea0371cbab510f32"
      },
      "quantity": 1
    },
    {
      "product_id": {
        "$oid": "6550a413ea0371cbab510f33"
      },
      "quantity": 2
    }
  ]
},
{
  "_id": {
    "$oid": "6550a93fea0371cbab511716"
  },
  "user_id": {
    "$oid": "6550a4d5ea0371cbab51130d"
  },
  "products": [
    {
      "product_id": {
        "$oid": "6550a413ea0371cbab510f34"
      },
      "quantity": 3
    },
    {
      "product_id": {
        "$oid": "6550a413ea0371cbab510f35"
      },
      "quantity": 1
    }
  ]
},
{
  "_id": {
    "$oid": "6550a93fea0371cbab511717"
  },
  "user_id": {
    "$oid": "6550a4d5ea0371cbab51130e"
  },
  "products": [
    {
      "product_id": {
        "$oid": "6550a413ea0371cbab510f36"
      },
      "quantity": 2
    },
    {
      "product_id": {
        "$oid": "6550a413ea0371cbab510f37"
      },
      "quantity": 2
    }
  ]
},
{
  "_id": {
    "$oid": "6550a93fea0371cbab511718"
  },
  "user_id": {
    "$oid": "6550a4d5ea0371cbab51130f"
  },
  "products": [
    {
      "product_id": {
        "$oid": "6550a413ea0371cbab510f38"
      },
      "quantity": 1
    },
    {
      "product_id": {
        "$oid": "6550a413ea0371cbab510f39"
      },
      "quantity": 1
    }
  ]
},
{
  "_id": {
    "$oid": "6550a9c7ea0371cbab51171f"
  },
  "user_id": {
    "$oid": "6550a4d5ea0371cbab511310"
  },
  "products": [
    {
      "product_id": {
        "$oid": "6550a413ea0371cbab510f3a"
      },
      "quantity": 2
    },
    {
      "product_id": {
        "$oid": "6550a413ea0371cbab510f3b"
      },
      "quantity": 1
    }
  ]
},
{
  "_id": {
    "$oid": "6550a9c7ea0371cbab511720"
  },
  "user_id": {
    "$oid": "6550a4d5ea0371cbab511311"
  },
  "products": [
    {
      "product_id": {
        "$oid": "6550a413ea0371cbab510f3c"
      },
      "quantity": 3
    },
    {
      "product_id": {
        "$oid": "6550a413ea0371cbab510f3d"
      },
      "quantity": 1
    }
  ]
},
{
  "_id": {
    "$oid": "6550a9c7ea0371cbab511721"
  },
  "user_id": {
    "$oid": "6550a4d5ea0371cbab511312"
  },
  "products": [
    {
      "product_id": {
        "$oid": "6550a413ea0371cbab510f3e"
      },
      "quantity": 2
    },
    {
      "product_id": {
        "$oid": "6550a413ea0371cbab510f3f"
      },
      "quantity": 2
    }
  ]
},
{
  "_id": {
    "$oid": "6550a9c7ea0371cbab511722"
  },
  "user_id": {
    "$oid": "6550a4d5ea0371cbab511313"
  },
  "products": [
    {
      "product_id": {
        "$oid": "6550a413ea0371cbab510f40"
      },
      "quantity": 1
    },
    {
      "product_id": {
        "$oid": "6550a413ea0371cbab510f41"
      },
      "quantity": 1
    }
  ]
},
{
  "_id": {
    "$oid": "6550a9c7ea0371cbab511723"
  },
  "user_id": {
    "$oid": "6550a4d5ea0371cbab511314"
  },
  "products": [
    {
      "product_id": {
        "$oid": "6550a413ea0371cbab510f42"
      },
      "quantity": 2
    },
    {
      "product_id": {
        "$oid": "6550a413ea0371cbab510f43"
      },
      "quantity": 3
    }
  ]
},
{
  "_id": {
    "$oid": "6550a9c7ea0371cbab511724"
  },
  "user_id": {
    "$oid": "6550a4d5ea0371cbab511315"
  },
  "products": [
    {
      "product_id": {
        "$oid": "6550a413ea0371cbab510f12"
      },
      "quantity": 1
    },
    {
      "product_id": {
        "$oid": "6550a413ea0371cbab510f13"
      },
      "quantity": 2
    }
  ]
},
{
  "_id": {
    "$oid": "6550a9c7ea0371cbab511725"
  },
  "user_id": {
    "$oid": "6550a4d5ea0371cbab511316"
  },
  "products": [
    {
      "product_id": {
        "$oid": "6550a413ea0371cbab510f14"
      },
      "quantity": 2
    },
    {
      "product_id": {
        "$oid": "6550a413ea0371cbab510f15"
      },
      "quantity": 1
    }
  ]
},
{
  "_id": {
    "$oid": "6550a9c7ea0371cbab511726"
  },
  "user_id": {
    "$oid": "6550a4d5ea0371cbab511317"
  },
  "products": [
    {
      "product_id": {
        "$oid": "6550a413ea0371cbab510f16"
      },
      "quantity": 3
    },
    {
      "product_id": {
        "$oid": "6550a413ea0371cbab510f17"
      },
      "quantity": 1
    }
  ]
},
{
  "_id": {
    "$oid": "6550a9c7ea0371cbab511727"
  },
  "user_id": {
    "$oid": "6550a4d5ea0371cbab511318"
  },
  "products": [
    {
      "product_id": {
        "$oid": "6550a413ea0371cbab510f18"
      },
      "quantity": 1
    },
    {
      "product_id": {
        "$oid": "6550a413ea0371cbab510f19"
      },
      "quantity": 2
    }
  ]
},
{
  "_id": {
    "$oid": "6550a9c7ea0371cbab511728"
  },
  "user_id": {
    "$oid": "6550a4d5ea0371cbab511319"
  },
  "products": [
    {
      "product_id": {
        "$oid": "6550a413ea0371cbab510f1a"
      },
      "quantity": 2
    },
    {
      "product_id": {
        "$oid": "6550a413ea0371cbab510f1b"
      },
      "quantity": 1
    }
  ]
},
{
  "_id": {
    "$oid": "6550a9c7ea0371cbab511729"
  },
  "user_id": {
    "$oid": "6550a4d5ea0371cbab51131a"
  },
  "products": [
    {
      "product_id": {
        "$oid": "6550a413ea0371cbab510f1c"
      },
      "quantity": 3
    },
    {
      "product_id": {
        "$oid": "6550a413ea0371cbab510f1d"
      },
      "quantity": 1
    }
  ]
},
{
  "_id": {
    "$oid": "6550a9c7ea0371cbab51172a"
  },
  "user_id": {
    "$oid": "6550a4d5ea0371cbab51131b"
  },
  "products": [
    {
      "product_id": {
        "$oid": "6550a413ea0371cbab510f1e"
      },
      "quantity": 1
    },
    {
      "product_id": {
        "$oid": "6550a413ea0371cbab510f1f"
      },
      "quantity": 2
    }
  ]
},
{
  "_id": {
    "$oid": "6550a9c7ea0371cbab51172b"
  },
  "user_id": {
    "$oid": "6550a4d5ea0371cbab51131c"
  },
  "products": [
    {
      "product_id": {
        "$oid": "6550a413ea0371cbab510f20"
      },
      "quantity": 2
    },
    {
      "product_id": {
        "$oid": "6550a413ea0371cbab510f21"
      },
      "quantity": 1
    }
  ]
},
{
  "_id": {
    "$oid": "6550a9c7ea0371cbab51172c"
  },
  "user_id": {
    "$oid": "6550a4d5ea0371cbab51131d"
  },
  "products": [
    {
      "product_id": {
        "$oid": "6550a413ea0371cbab510f22"
      },
      "quantity": 3
    },
    {
      "product_id": {
        "$oid": "6550a413ea0371cbab510f23"
      },
      "quantity": 1
    }
  ]
},
{
  "_id": {
    "$oid": "6550a9c7ea0371cbab51172d"
  },
  "user_id": {
    "$oid": "6550a4d5ea0371cbab51131e"
  },
  "products": [
    {
      "product_id": {
        "$oid": "6550a413ea0371cbab510f24"
      },
      "quantity": 1
    },
    {
      "product_id": {
        "$oid": "6550a413ea0371cbab510f25"
      },
      "quantity": 2
    }
  ]
},
{
  "_id": {
    "$oid": "6550a9c7ea0371cbab51172e"
  },
  "user_id": {
    "$oid": "6550a4d5ea0371cbab51131f"
  },
  "products": [
    {
      "product_id": {
        "$oid": "6550a413ea0371cbab510f26"
      },
      "quantity": 2
    },
    {
      "product_id": {
        "$oid": "6550a413ea0371cbab510f27"
      },
      "quantity": 1
    }
  ]
},
{
  "_id": {
    "$oid": "6550a9c7ea0371cbab51172f"
  },
  "user_id": {
    "$oid": "6550a4d5ea0371cbab511320"
  },
  "products": [
    {
      "product_id": {
        "$oid": "6550a413ea0371cbab510f28"
      },
      "quantity": 3
    },
    {
      "product_id": {
        "$oid": "6550a413ea0371cbab510f29"
      },
      "quantity": 1
    }
  ]
},
{
  "_id": {
    "$oid": "6550a9c7ea0371cbab511730"
  },
  "user_id": {
    "$oid": "6550a4d5ea0371cbab511321"
  },
  "products": [
    {
      "product_id": {
        "$oid": "6550a413ea0371cbab510f2a"
      },
      "quantity": 1
    },
    {
      "product_id": {
        "$oid": "6550a413ea0371cbab510f2b"
      },
      "quantity": 2
    }
  ]
},
{
  "_id": {
    "$oid": "6550a9c7ea0371cbab511731"
  },
  "user_id": {
    "$oid": "6550a4d5ea0371cbab511322"
  },
  "products": [
    {
      "product_id": {
        "$oid": "6550a413ea0371cbab510f2c"
      },
      "quantity": 2
    },
    {
      "product_id": {
        "$oid": "6550a413ea0371cbab510f2d"
      },
      "quantity": 3
    }
  ]
},
{
  "_id": {
    "$oid": "6550a9c7ea0371cbab511732"
  },
  "user_id": {
    "$oid": "6550a4d5ea0371cbab511323"
  },
  "products": [
    {
      "product_id": {
        "$oid": "6550a413ea0371cbab510f2e"
      },
      "quantity": 1
    },
    {
      "product_id": {
        "$oid": "6550a413ea0371cbab510f2f"
      },
      "quantity": 1
    }
  ]
},
{
  "_id": {
    "$oid": "6550a9c7ea0371cbab511733"
  },
  "user_id": {
    "$oid": "6550a4d5ea0371cbab511324"
  },
  "products": [
    {
      "product_id": {
        "$oid": "6550a413ea0371cbab510f30"
      },
      "quantity": 2
    },
    {
      "product_id": {
        "$oid": "6550a413ea0371cbab510f31"
      },
      "quantity": 1
    }
  ]
},
{
  "_id": {
    "$oid": "6550aa85ea0371cbab511735"
  },
  "user_id": {
    "$oid": "6550a4d5ea0371cbab5112fd"
  },
  "products": [
    {
      "product_id": {
        "$oid": "6550a413ea0371cbab510f15"
      },
      "quantity": 2
    },
    {
      "product_id": {
        "$oid": "6550a413ea0371cbab510f16"
      },
      "quantity": 1
    },
    {
      "product_id": {
        "$oid": "6550a413ea0371cbab510f17"
      },
      "quantity": 3
    }
  ]
},
{
  "_id": {
    "$oid": "6550aa85ea0371cbab511736"
  },
  "user_id": {
    "$oid": "6550a4d5ea0371cbab511309"
  },
  "products": [
    {
      "product_id": {
        "$oid": "6550a413ea0371cbab510f1d"
      },
      "quantity": 4
    },
    {
      "product_id": {
        "$oid": "6550a413ea0371cbab510f1e"
      },
      "quantity": 2
    },
    {
      "product_id": {
        "$oid": "6550a413ea0371cbab510f1f"
      },
      "quantity": 1
    }
  ]
},
{
  "_id": {
    "$oid": "6550aa85ea0371cbab511737"
  },
  "user_id": {
    "$oid": "6550a4d5ea0371cbab51130a"
  },
  "products": [
    {
      "product_id": {
        "$oid": "6550a413ea0371cbab510f23"
      },
      "quantity": 3
    },
    {
      "product_id": {
        "$oid": "6550a413ea0371cbab510f24"
      },
      "quantity": 2
    },
    {
      "product_id": {
        "$oid": "6550a413ea0371cbab510f25"
      },
      "quantity": 1
    }
  ]
},
{
  "_id": {
    "$oid": "6550aa85ea0371cbab511738"
  },
  "user_id": {
    "$oid": "6550a4d5ea0371cbab51131e"
  },
  "products": [
    {
      "product_id": {
        "$oid": "6550a413ea0371cbab510f2c"
      },
      "quantity": 1
    },
    {
      "product_id": {
        "$oid": "6550a413ea0371cbab510f2d"
      },
      "quantity": 3
    },
    {
      "product_id": {
        "$oid": "6550a413ea0371cbab510f2e"
      },
      "quantity": 2
    }
  ]
},
{
  "_id": {
    "$oid": "6550aa85ea0371cbab511739"
  },
  "user_id": {
    "$oid": "6550a4d5ea0371cbab511328"
  },
  "products": [
    {
      "product_id": {
        "$oid": "6550a413ea0371cbab510f34"
      },
      "quantity": 2
    },
    {
      "product_id": {
        "$oid": "6550a413ea0371cbab510f35"
      },
      "quantity": 1
    },
    {
      "product_id": {
        "$oid": "6550a413ea0371cbab510f36"
      },
      "quantity": 4
    }
  ]
},
{
  "_id": {
    "$oid": "6550aa85ea0371cbab51173a"
  },
  "user_id": {
    "$oid": "6550a4d5ea0371cbab511330"
  },
  "products": [
    {
      "product_id": {
        "$oid": "6550a413ea0371cbab510f3b"
      },
      "quantity": 3
    },
    {
      "product_id": {
        "$oid": "6550a413ea0371cbab510f3c"
      },
      "quantity": 2
    },
    {
      "product_id": {
        "$oid": "6550a413ea0371cbab510f3d"
      },
      "quantity": 1
    }
  ]
},
{
  "_id": {
    "$oid": "6550aa85ea0371cbab51173b"
  },
  "user_id": {
    "$oid": "6550a4d5ea0371cbab511336"
  },
  "products": [
    {
      "product_id": {
        "$oid": "6550a413ea0371cbab510f42"
      },
      "quantity": 2
    },
    {
      "product_id": {
        "$oid": "6550a413ea0371cbab510f43"
      },
      "quantity": 3
    },
    {
      "product_id": {
        "$oid": "6550a413ea0371cbab510f44"
      },
      "quantity": 1
    }
  ]
},
{
  "_id": {
    "$oid": "6550aa85ea0371cbab51173c"
  },
  "user_id": {
    "$oid": "6550a4d5ea0371cbab51133c"
  },
  "products": [
    {
      "product_id": {
        "$oid": "6550a413ea0371cbab510f49"
      },
      "quantity": 2
    },
    {
      "product_id": {
        "$oid": "6550a413ea0371cbab510f4a"
      },
      "quantity": 1
    },
    {
      "product_id": {
        "$oid": "6550a413ea0371cbab510f4b"
      },
      "quantity": 4
    }
  ]
},
{
  "_id": {
    "$oid": "6550aa85ea0371cbab51173d"
  },
  "user_id": {
    "$oid": "6550a4d5ea0371cbab511342"
  },
  "products": [
    {
      "product_id": {
        "$oid": "6550a413ea0371cbab510f50"
      },
      "quantity": 3
    },
    {
      "product_id": {
        "$oid": "6550a413ea0371cbab510f51"
      },
      "quantity": 2
    },
    {
      "product_id": {
        "$oid": "6550a413ea0371cbab510f52"
      },
      "quantity": 1
    }
  ]
},
{
  "_id": {
    "$oid": "6550aa85ea0371cbab51173e"
  },
  "user_id": {
    "$oid": "6550a4d5ea0371cbab51134a"
  },
  "products": [
    {
      "product_id": {
        "$oid": "6550a413ea0371cbab510f57"
      },
      "quantity": 2
    },
    {
      "product_id": {
        "$oid": "6550a413ea0371cbab510f58"
      },
      "quantity": 3
    },
    {
      "product_id": {
        "$oid": "6550a413ea0371cbab510f59"
      },
      "quantity": 1
    }
  ]
},
{
  "_id": {
    "$oid": "6550aa85ea0371cbab51173f"
  },
  "user_id": {
    "$oid": "6550a4d5ea0371cbab511350"
  },
  "products": [
    {
      "product_id": {
        "$oid": "6550a413ea0371cbab510f5e"
      },
      "quantity": 2
    },
    {
      "product_id": {
        "$oid": "6550a413ea0371cbab510f5f"
      },
      "quantity": 1
    },
    {
      "product_id": {
        "$oid": "6550a413ea0371cbab510f60"
      },
      "quantity": 3
    }
  ]
},
{
  "_id": {
    "$oid": "6550aa85ea0371cbab511740"
  },
  "user_id": {
    "$oid": "6550a4d5ea0371cbab51135e"
  },
  "products": [
    {
      "product_id": {
        "$oid": "6550a413ea0371cbab510f65"
      },
      "quantity": 4
    },
    {
      "product_id": {
        "$oid": "6550a413ea0371cbab510f66"
      },
      "quantity": 1
    },
    {
      "product_id": {
        "$oid": "6550a413ea0371cbab510f67"
      },
      "quantity": 2
    }
  ]
},
{
  "_id": {
    "$oid": "6550aa85ea0371cbab511741"
  },
  "user_id": {
    "$oid": "6550a4d5ea0371cbab511366"
  },
  "products": [
    {
      "product_id": {
        "$oid": "6550a413ea0371cbab510f6c"
      },
      "quantity": 3
    },
    {
      "product_id": {
        "$oid": "6550a413ea0371cbab510f6d"
      },
      "quantity": 2
    },
    {
      "product_id": {
        "$oid": "6550a413ea0371cbab510f6e"
      },
      "quantity": 1
    }
  ]
},
{
  "_id": {
    "$oid": "6550aa85ea0371cbab511742"
  },
  "user_id": {
    "$oid": "6550a4d5ea0371cbab51136e"
  },
  "products": [
    {
      "product_id": {
        "$oid": "6550a413ea0371cbab510f73"
      },
      "quantity": 2
    },
    {
      "product_id": {
        "$oid": "6550a413ea0371cbab510f74"
      },
      "quantity": 1
    },
    {
      "product_id": {
        "$oid": "6550a413ea0371cbab510f75"
      },
      "quantity": 3
    }
  ]
},
{
  "_id": {
    "$oid": "6550aa85ea0371cbab511743"
  },
  "user_id": {
    "$oid": "6550a4d5ea0371cbab511379"
  },
  "products": [
    {
      "product_id": {
        "$oid": "6550a413ea0371cbab510f7a"
      },
      "quantity": 2
    },
    {
      "product_id": {
        "$oid": "6550a413ea0371cbab510f7b"
      },
      "quantity": 3
    },
    {
      "product_id": {
        "$oid": "6550a413ea0371cbab510f7c"
      },
      "quantity": 1
    }
  ]
},
{
  "_id": {
    "$oid": "6550aa85ea0371cbab511744"
  },
  "user_id": {
    "$oid": "6550a4d5ea0371cbab511384"
  },
  "products": [
    {
      "product_id": {
        "$oid": "6550a413ea0371cbab510f81"
      },
      "quantity": 2
    },
    {
      "product_id": {
        "$oid": "6550a413ea0371cbab510f82"
      },
      "quantity": 3
    },
    {
      "product_id": {
        "$oid": "6550a413ea0371cbab510f83"
      },
      "quantity": 1
    }
  ]
},
{
  "_id": {
    "$oid": "6550aa85ea0371cbab511745"
  },
  "user_id": {
    "$oid": "6550a4d5ea0371cbab51138f"
  },
  "products": [
    {
      "product_id": {
        "$oid": "6550a413ea0371cbab510f88"
      },
      "quantity": 2
    },
    {
      "product_id": {
        "$oid": "6550a413ea0371cbab510f89"
      },
      "quantity": 1
    },
    {
      "product_id": {
        "$oid": "6550a413ea0371cbab510f8a"
      },
      "quantity": 3
    }
  ]
},
{
  "_id": {
    "$oid": "6550aa85ea0371cbab511746"
  },
  "user_id": {
    "$oid": "6550a4d5ea0371cbab511399"
  },
  "products": [
    {
      "product_id": {
        "$oid": "6550a413ea0371cbab510f8f"
      },
      "quantity": 4
    },
    {
      "product_id": {
        "$oid": "6550a413ea0371cbab510f90"
      },
      "quantity": 1
    },
    {
      "product_id": {
        "$oid": "6550a413ea0371cbab510f91"
      },
      "quantity": 2
    }
  ]
},
{
  "_id": {
    "$oid": "6550aa85ea0371cbab511747"
  },
  "user_id": {
    "$oid": "6550a4d5ea0371cbab5113a3"
  },
  "products": [
    {
      "product_id": {
        "$oid": "6550a413ea0371cbab510f96"
      },
      "quantity": 3
    },
    {
      "product_id": {
        "$oid": "6550a413ea0371cbab510f97"
      },
      "quantity": 2
    },
    {
      "product_id": {
        "$oid": "6550a413ea0371cbab510f98"
      },
      "quantity": 1
    }
  ]
},
{
  "_id": {
    "$oid": "6550ad63ea0371cbab511749"
  },
  "user_id": {
    "$oid": "6550a4d5ea0371cbab5112fd"
  },
  "products": [
    {
      "product_id": {
        "$oid": "6550a413ea0371cbab510f15"
      },
      "quantity": 2
    },
    {
      "product_id": {
        "$oid": "6550a413ea0371cbab510f16"
      },
      "quantity": 1
    },
    {
      "product_id": {
        "$oid": "6550a413ea0371cbab510f17"
      },
      "quantity": 3
    }
  ]
},
{
  "_id": {
    "$oid": "6550ad63ea0371cbab51174a"
  },
  "user_id": {
    "$oid": "6550a4d5ea0371cbab511309"
  },
  "products": [
    {
      "product_id": {
        "$oid": "6550a413ea0371cbab510f1d"
      },
      "quantity": 4
    },
    {
      "product_id": {
        "$oid": "6550a413ea0371cbab510f1e"
      },
      "quantity": 2
    },
    {
      "product_id": {
        "$oid": "6550a413ea0371cbab510f1f"
      },
      "quantity": 1
    }
  ]
},
{
  "_id": {
    "$oid": "6550ad63ea0371cbab51174b"
  },
  "user_id": {
    "$oid": "6550a4d5ea0371cbab51130a"
  },
  "products": [
    {
      "product_id": {
        "$oid": "6550a413ea0371cbab510f23"
      },
      "quantity": 3
    },
    {
      "product_id": {
        "$oid": "6550a413ea0371cbab510f24"
      },
      "quantity": 2
    },
    {
      "product_id": {
        "$oid": "6550a413ea0371cbab510f25"
      },
      "quantity": 1
    }
  ]
},
{
  "_id": {
    "$oid": "6550ad63ea0371cbab51174c"
  },
  "user_id": {
    "$oid": "6550a4d5ea0371cbab51131e"
  },
  "products": [
    {
      "product_id": {
        "$oid": "6550a413ea0371cbab510f2c"
      },
      "quantity": 1
    },
    {
      "product_id": {
        "$oid": "6550a413ea0371cbab510f2d"
      },
      "quantity": 3
    },
    {
      "product_id": {
        "$oid": "6550a413ea0371cbab510f2e"
      },
      "quantity": 2
    }
  ]
},
{
  "_id": {
    "$oid": "6550ad63ea0371cbab51174d"
  },
  "user_id": {
    "$oid": "6550a4d5ea0371cbab511328"
  },
  "products": [
    {
      "product_id": {
        "$oid": "6550a413ea0371cbab510f34"
      },
      "quantity": 2
    },
    {
      "product_id": {
        "$oid": "6550a413ea0371cbab510f35"
      },
      "quantity": 1
    },
    {
      "product_id": {
        "$oid": "6550a413ea0371cbab510f36"
      },
      "quantity": 4
    }
  ]
},
{
  "_id": {
    "$oid": "6550ad63ea0371cbab51174e"
  },
  "user_id": {
    "$oid": "6550a4d5ea0371cbab511330"
  },
  "products": [
    {
      "product_id": {
        "$oid": "6550a413ea0371cbab510f3b"
      },
      "quantity": 3
    },
    {
      "product_id": {
        "$oid": "6550a413ea0371cbab510f3c"
      },
      "quantity": 2
    },
    {
      "product_id": {
        "$oid": "6550a413ea0371cbab510f3d"
      },
      "quantity": 1
    }
  ]
},
{
  "_id": {
    "$oid": "6550ad63ea0371cbab51174f"
  },
  "user_id": {
    "$oid": "6550a4d5ea0371cbab511336"
  },
  "products": [
    {
      "product_id": {
        "$oid": "6550a413ea0371cbab510f42"
      },
      "quantity": 2
    },
    {
      "product_id": {
        "$oid": "6550a413ea0371cbab510f43"
      },
      "quantity": 3
    },
    {
      "product_id": {
        "$oid": "6550a413ea0371cbab510f44"
      },
      "quantity": 1
    }
  ]
},
{
  "_id": {
    "$oid": "6550ad63ea0371cbab511750"
  },
  "user_id": {
    "$oid": "6550a4d5ea0371cbab51133c"
  },
  "products": [
    {
      "product_id": {
        "$oid": "6550a413ea0371cbab510f49"
      },
      "quantity": 2
    },
    {
      "product_id": {
        "$oid": "6550a413ea0371cbab510f4a"
      },
      "quantity": 1
    },
    {
      "product_id": {
        "$oid": "6550a413ea0371cbab510f4b"
      },
      "quantity": 4
    }
  ]
},
{
  "_id": {
    "$oid": "6550ad63ea0371cbab511751"
  },
  "user_id": {
    "$oid": "6550a4d5ea0371cbab511342"
  },
  "products": [
    {
      "product_id": {
        "$oid": "6550a413ea0371cbab510f50"
      },
      "quantity": 3
    },
    {
      "product_id": {
        "$oid": "6550a413ea0371cbab510f51"
      },
      "quantity": 2
    },
    {
      "product_id": {
        "$oid": "6550a413ea0371cbab510f52"
      },
      "quantity": 1
    }
  ]
},
{
  "_id": {
    "$oid": "6550ad63ea0371cbab511752"
  },
  "user_id": {
    "$oid": "6550a4d5ea0371cbab51134a"
  },
  "products": [
    {
      "product_id": {
        "$oid": "6550a413ea0371cbab510f57"
      },
      "quantity": 2
    },
    {
      "product_id": {
        "$oid": "6550a413ea0371cbab510f58"
      },
      "quantity": 3
    },
    {
      "product_id": {
        "$oid": "6550a413ea0371cbab510f59"
      },
      "quantity": 1
    }
  ]
},
{
  "_id": {
    "$oid": "6550ad63ea0371cbab511753"
  },
  "user_id": {
    "$oid": "6550a4d5ea0371cbab511350"
  },
  "products": [
    {
      "product_id": {
        "$oid": "6550a413ea0371cbab510f5e"
      },
      "quantity": 2
    },
    {
      "product_id": {
        "$oid": "6550a413ea0371cbab510f5f"
      },
      "quantity": 1
    },
    {
      "product_id": {
        "$oid": "6550a413ea0371cbab510f60"
      },
      "quantity": 3
    }
  ]
},
{
  "_id": {
    "$oid": "6550ad63ea0371cbab511754"
  },
  "user_id": {
    "$oid": "6550a4d5ea0371cbab51135e"
  },
  "products": [
    {
      "product_id": {
        "$oid": "6550a413ea0371cbab510f65"
      },
      "quantity": 4
    },
    {
      "product_id": {
        "$oid": "6550a413ea0371cbab510f66"
      },
      "quantity": 1
    },
    {
      "product_id": {
        "$oid": "6550a413ea0371cbab510f67"
      },
      "quantity": 2
    }
  ]
},
{
  "_id": {
    "$oid": "6550ad63ea0371cbab511755"
  },
  "user_id": {
    "$oid": "6550a4d5ea0371cbab511366"
  },
  "products": [
    {
      "product_id": {
        "$oid": "6550a413ea0371cbab510f6c"
      },
      "quantity": 3
    },
    {
      "product_id": {
        "$oid": "6550a413ea0371cbab510f6d"
      },
      "quantity": 2
    },
    {
      "product_id": {
        "$oid": "6550a413ea0371cbab510f6e"
      },
      "quantity": 1
    }
  ]
},
{
  "_id": {
    "$oid": "6550ad63ea0371cbab511756"
  },
  "user_id": {
    "$oid": "6550a4d5ea0371cbab51136e"
  },
  "products": [
    {
      "product_id": {
        "$oid": "6550a413ea0371cbab510f73"
      },
      "quantity": 2
    },
    {
      "product_id": {
        "$oid": "6550a413ea0371cbab510f74"
      },
      "quantity": 1
    },
    {
      "product_id": {
        "$oid": "6550a413ea0371cbab510f75"
      },
      "quantity": 3
    }
  ]
},
{
  "_id": {
    "$oid": "6550ad63ea0371cbab511757"
  },
  "user_id": {
    "$oid": "6550a4d5ea0371cbab511379"
  },
  "products": [
    {
      "product_id": {
        "$oid": "6550a413ea0371cbab510f7a"
      },
      "quantity": 2
    },
    {
      "product_id": {
        "$oid": "6550a413ea0371cbab510f7b"
      },
      "quantity": 3
    },
    {
      "product_id": {
        "$oid": "6550a413ea0371cbab510f7c"
      },
      "quantity": 1
    }
  ]
},
{
  "_id": {
    "$oid": "6550ad63ea0371cbab511758"
  },
  "user_id": {
    "$oid": "6550a4d5ea0371cbab511384"
  },
  "products": [
    {
      "product_id": {
        "$oid": "6550a413ea0371cbab510f81"
      },
      "quantity": 2
    },
    {
      "product_id": {
        "$oid": "6550a413ea0371cbab510f82"
      },
      "quantity": 3
    },
    {
      "product_id": {
        "$oid": "6550a413ea0371cbab510f83"
      },
      "quantity": 1
    }
  ]
},
{
  "_id": {
    "$oid": "6550ad63ea0371cbab511759"
  },
  "user_id": {
    "$oid": "6550a4d5ea0371cbab51138f"
  },
  "products": [
    {
      "product_id": {
        "$oid": "6550a413ea0371cbab510f88"
      },
      "quantity": 2
    },
    {
      "product_id": {
        "$oid": "6550a413ea0371cbab510f89"
      },
      "quantity": 1
    },
    {
      "product_id": {
        "$oid": "6550a413ea0371cbab510f8a"
      },
      "quantity": 3
    }
  ]
},
{
  "_id": {
    "$oid": "6550ad63ea0371cbab51175a"
  },
  "user_id": {
    "$oid": "6550a4d5ea0371cbab511399"
  },
  "products": [
    {
      "product_id": {
        "$oid": "6550a413ea0371cbab510f8f"
      },
      "quantity": 4
    },
    {
      "product_id": {
        "$oid": "6550a413ea0371cbab510f90"
      },
      "quantity": 1
    },
    {
      "product_id": {
        "$oid": "6550a413ea0371cbab510f91"
      },
      "quantity": 2
    }
  ]
},
{
  "_id": {
    "$oid": "6550ad63ea0371cbab51175b"
  },
  "user_id": {
    "$oid": "6550a4d5ea0371cbab5113a3"
  },
  "products": [
    {
      "product_id": {
        "$oid": "6550a413ea0371cbab510f96"
      },
      "quantity": 3
    },
    {
      "product_id": {
        "$oid": "6550a413ea0371cbab510f97"
      },
      "quantity": 2
    },
    {
      "product_id": {
        "$oid": "6550a413ea0371cbab510f98"
      },
      "quantity": 1
    }
  ]
},
{
  "_id": {
    "$oid": "6550ad63ea0371cbab51175c"
  },
  "user_id": {
    "$oid": "6550a4d5ea0371cbab5113b1"
  },
  "products": [
    {
      "product_id": {
        "$oid": "6550a413ea0371cbab510f9d"
      },
      "quantity": 2
    },
    {
      "product_id": {
        "$oid": "6550a413ea0371cbab510f9e"
      },
      "quantity": 3
    },
    {
      "product_id": {
        "$oid": "6550a413ea0371cbab510f9f"
      },
      "quantity": 1
    }
  ]
},
{
  "_id": {
    "$oid": "6550ad63ea0371cbab51175d"
  },
  "user_id": {
    "$oid": "6550a4d5ea0371cbab5113bb"
  },
  "products": [
    {
      "product_id": {
        "$oid": "6550a413ea0371cbab510fa4"
      },
      "quantity": 2
    },
    {
      "product_id": {
        "$oid": "6550a413ea0371cbab510fa5"
      },
      "quantity": 1
    },
    {
      "product_id": {
        "$oid": "6550a413ea0371cbab510fa6"
      },
      "quantity": 3
    }
  ]
},
{
  "_id": {
    "$oid": "6550ad63ea0371cbab51175e"
  },
  "user_id": {
    "$oid": "6550a4d5ea0371cbab5113c3"
  },
  "products": [
    {
      "product_id": {
        "$oid": "6550a413ea0371cbab510fab"
      },
      "quantity": 2
    },
    {
      "product_id": {
        "$oid": "6550a413ea0371cbab510fac"
      },
      "quantity": 3
    },
    {
      "product_id": {
        "$oid": "6550a413ea0371cbab510fad"
      },
      "quantity": 1
    }
  ]
},
{
  "_id": {
    "$oid": "6550ad63ea0371cbab51175f"
  },
  "user_id": {
    "$oid": "6550a4d5ea0371cbab5113ce"
  },
  "products": [
    {
      "product_id": {
        "$oid": "6550a413ea0371cbab510fb2"
      },
      "quantity": 3
    },
    {
      "product_id": {
        "$oid": "6550a413ea0371cbab510fb3"
      },
      "quantity": 1
    },
    {
      "product_id": {
        "$oid": "6550a413ea0371cbab510fb4"
      },
      "quantity": 2
    }
  ]
},
{
  "_id": {
    "$oid": "6550b02bea0371cbab511761"
  },
  "user_id": {
    "$oid": "6550a4d5ea0371cbab511309"
  },
  "products": [
    {
      "product_id": {
        "$oid": "6550a413ea0371cbab510f1d"
      },
      "quantity": 4
    },
    {
      "product_id": {
        "$oid": "6550a413ea0371cbab510f1e"
      },
      "quantity": 2
    },
    {
      "product_id": {
        "$oid": "6550a413ea0371cbab510f1f"
      },
      "quantity": 1
    }
  ]
},
{
  "_id": {
    "$oid": "6550b02bea0371cbab511762"
  },
  "user_id": {
    "$oid": "6550a4d5ea0371cbab51130a"
  },
  "products": [
    {
      "product_id": {
        "$oid": "6550a413ea0371cbab510f23"
      },
      "quantity": 3
    },
    {
      "product_id": {
        "$oid": "6550a413ea0371cbab510f24"
      },
      "quantity": 2
    },
    {
      "product_id": {
        "$oid": "6550a413ea0371cbab510f25"
      },
      "quantity": 1
    }
  ]
},
{
  "_id": {
    "$oid": "6550b02bea0371cbab511763"
  },
  "user_id": {
    "$oid": "6550a4d5ea0371cbab51131e"
  },
  "products": [
    {
      "product_id": {
        "$oid": "6550a413ea0371cbab510f2c"
      },
      "quantity": 1
    },
    {
      "product_id": {
        "$oid": "6550a413ea0371cbab510f2d"
      },
      "quantity": 3
    },
    {
      "product_id": {
        "$oid": "6550a413ea0371cbab510f2e"
      },
      "quantity": 2
    }
  ]
},
{
  "_id": {
    "$oid": "6550b02bea0371cbab511764"
  },
  "user_id": {
    "$oid": "6550a4d5ea0371cbab511328"
  },
  "products": [
    {
      "product_id": {
        "$oid": "6550a413ea0371cbab510f34"
      },
      "quantity": 2
    },
    {
      "product_id": {
        "$oid": "6550a413ea0371cbab510f35"
      },
      "quantity": 1
    },
    {
      "product_id": {
        "$oid": "6550a413ea0371cbab510f36"
      },
      "quantity": 4
    }
  ]
},
{
  "_id": {
    "$oid": "6550b02bea0371cbab511765"
  },
  "user_id": {
    "$oid": "6550a4d5ea0371cbab511330"
  },
  "products": [
    {
      "product_id": {
        "$oid": "6550a413ea0371cbab510f3b"
      },
      "quantity": 3
    },
    {
      "product_id": {
        "$oid": "6550a413ea0371cbab510f3c"
      },
      "quantity": 2
    },
    {
      "product_id": {
        "$oid": "6550a413ea0371cbab510f3d"
      },
      "quantity": 1
    }
  ]
},
{
  "_id": {
    "$oid": "6550b02bea0371cbab511766"
  },
  "user_id": {
    "$oid": "6550a4d5ea0371cbab511336"
  },
  "products": [
    {
      "product_id": {
        "$oid": "6550a413ea0371cbab510f42"
      },
      "quantity": 2
    },
    {
      "product_id": {
        "$oid": "6550a413ea0371cbab510f43"
      },
      "quantity": 3
    },
    {
      "product_id": {
        "$oid": "6550a413ea0371cbab510f44"
      },
      "quantity": 1
    }
  ]
},
{
  "_id": {
    "$oid": "6550b02bea0371cbab511767"
  },
  "user_id": {
    "$oid": "6550a4d5ea0371cbab51133c"
  },
  "products": [
    {
      "product_id": {
        "$oid": "6550a413ea0371cbab510f49"
      },
      "quantity": 2
    },
    {
      "product_id": {
        "$oid": "6550a413ea0371cbab510f4a"
      },
      "quantity": 1
    },
    {
      "product_id": {
        "$oid": "6550a413ea0371cbab510f4b"
      },
      "quantity": 4
    }
  ]
},
{
  "_id": {
    "$oid": "6550b02bea0371cbab511768"
  },
  "user_id": {
    "$oid": "6550a4d5ea0371cbab511342"
  },
  "products": [
    {
      "product_id": {
        "$oid": "6550a413ea0371cbab510f50"
      },
      "quantity": 3
    },
    {
      "product_id": {
        "$oid": "6550a413ea0371cbab510f51"
      },
      "quantity": 2
    },
    {
      "product_id": {
        "$oid": "6550a413ea0371cbab510f52"
      },
      "quantity": 1
    }
  ]
},
{
  "_id": {
    "$oid": "6550b02bea0371cbab511769"
  },
  "user_id": {
    "$oid": "6550a4d5ea0371cbab51134a"
  },
  "products": [
    {
      "product_id": {
        "$oid": "6550a413ea0371cbab510f57"
      },
      "quantity": 2
    },
    {
      "product_id": {
        "$oid": "6550a413ea0371cbab510f58"
      },
      "quantity": 3
    },
    {
      "product_id": {
        "$oid": "6550a413ea0371cbab510f59"
      },
      "quantity": 1
    }
  ]
},
{
  "_id": {
    "$oid": "6550b02bea0371cbab51176a"
  },
  "user_id": {
    "$oid": "6550a4d5ea0371cbab511350"
  },
  "products": [
    {
      "product_id": {
        "$oid": "6550a413ea0371cbab510f5e"
      },
      "quantity": 2
    },
    {
      "product_id": {
        "$oid": "6550a413ea0371cbab510f5f"
      },
      "quantity": 1
    },
    {
      "product_id": {
        "$oid": "6550a413ea0371cbab510f60"
      },
      "quantity": 3
    }
  ]
},
{
  "_id": {
    "$oid": "6550b02bea0371cbab51176b"
  },
  "user_id": {
    "$oid": "6550a4d5ea0371cbab51135e"
  },
  "products": [
    {
      "product_id": {
        "$oid": "6550a413ea0371cbab510f65"
      },
      "quantity": 4
    },
    {
      "product_id": {
        "$oid": "6550a413ea0371cbab510f66"
      },
      "quantity": 1
    },
    {
      "product_id": {
        "$oid": "6550a413ea0371cbab510f67"
      },
      "quantity": 2
    }
  ]
},
{
  "_id": {
    "$oid": "6550b02bea0371cbab51176c"
  },
  "user_id": {
    "$oid": "6550a4d5ea0371cbab511366"
  },
  "products": [
    {
      "product_id": {
        "$oid": "6550a413ea0371cbab510f6c"
      },
      "quantity": 3
    },
    {
      "product_id": {
        "$oid": "6550a413ea0371cbab510f6d"
      },
      "quantity": 2
    },
    {
      "product_id": {
        "$oid": "6550a413ea0371cbab510f6e"
      },
      "quantity": 1
    }
  ]
},
{
  "_id": {
    "$oid": "6550b02bea0371cbab51176d"
  },
  "user_id": {
    "$oid": "6550a4d5ea0371cbab51136e"
  },
  "products": [
    {
      "product_id": {
        "$oid": "6550a413ea0371cbab510f73"
      },
      "quantity": 2
    },
    {
      "product_id": {
        "$oid": "6550a413ea0371cbab510f74"
      },
      "quantity": 1
    },
    {
      "product_id": {
        "$oid": "6550a413ea0371cbab510f75"
      },
      "quantity": 3
    }
  ]
},
{
  "_id": {
    "$oid": "6550b02bea0371cbab51176e"
  },
  "user_id": {
    "$oid": "6550a4d5ea0371cbab511379"
  },
  "products": [
    {
      "product_id": {
        "$oid": "6550a413ea0371cbab510f7a"
      },
      "quantity": 2
    },
    {
      "product_id": {
        "$oid": "6550a413ea0371cbab510f7b"
      },
      "quantity": 3
    },
    {
      "product_id": {
        "$oid": "6550a413ea0371cbab510f7c"
      },
      "quantity": 1
    }
  ]
},
{
  "_id": {
    "$oid": "6550b02bea0371cbab51176f"
  },
  "user_id": {
    "$oid": "6550a4d5ea0371cbab511384"
  },
  "products": [
    {
      "product_id": {
        "$oid": "6550a413ea0371cbab510f81"
      },
      "quantity": 2
    },
    {
      "product_id": {
        "$oid": "6550a413ea0371cbab510f82"
      },
      "quantity": 3
    },
    {
      "product_id": {
        "$oid": "6550a413ea0371cbab510f83"
      },
      "quantity": 1
    }
  ]
},
{
  "_id": {
    "$oid": "6550b02bea0371cbab511770"
  },
  "user_id": {
    "$oid": "6550a4d5ea0371cbab51138f"
  },
  "products": [
    {
      "product_id": {
        "$oid": "6550a413ea0371cbab510f88"
      },
      "quantity": 2
    },
    {
      "product_id": {
        "$oid": "6550a413ea0371cbab510f89"
      },
      "quantity": 1
    },
    {
      "product_id": {
        "$oid": "6550a413ea0371cbab510f8a"
      },
      "quantity": 3
    }
  ]
},
{
  "_id": {
    "$oid": "6550b02bea0371cbab511771"
  },
  "user_id": {
    "$oid": "6550a4d5ea0371cbab511399"
  },
  "products": [
    {
      "product_id": {
        "$oid": "6550a413ea0371cbab510f8f"
      },
      "quantity": 4
    },
    {
      "product_id": {
        "$oid": "6550a413ea0371cbab510f90"
      },
      "quantity": 1
    },
    {
      "product_id": {
        "$oid": "6550a413ea0371cbab510f91"
      },
      "quantity": 2
    }
  ]
},
{
  "_id": {
    "$oid": "6550b02bea0371cbab511772"
  },
  "user_id": {
    "$oid": "6550a4d5ea0371cbab5113a3"
  },
  "products": [
    {
      "product_id": {
        "$oid": "6550a413ea0371cbab510f96"
      },
      "quantity": 3
    },
    {
      "product_id": {
        "$oid": "6550a413ea0371cbab510f97"
      },
      "quantity": 2
    },
    {
      "product_id": {
        "$oid": "6550a413ea0371cbab510f98"
      },
      "quantity": 1
    }
  ]
},
{
  "_id": {
    "$oid": "6550b02bea0371cbab511773"
  },
  "user_id": {
    "$oid": "6550a4d5ea0371cbab5113b1"
  },
  "products": [
    {
      "product_id": {
        "$oid": "6550a413ea0371cbab510f9d"
      },
      "quantity": 2
    },
    {
      "product_id": {
        "$oid": "6550a413ea0371cbab510f9e"
      },
      "quantity": 3
    },
    {
      "product_id": {
        "$oid": "6550a413ea0371cbab510f9f"
      },
      "quantity": 1
    }
  ]
},
{
  "_id": {
    "$oid": "6550b02bea0371cbab511774"
  },
  "user_id": {
    "$oid": "6550a4d5ea0371cbab5113bb"
  },
  "products": [
    {
      "product_id": {
        "$oid": "6550a413ea0371cbab510fa4"
      },
      "quantity": 2
    },
    {
      "product_id": {
        "$oid": "6550a413ea0371cbab510fa5"
      },
      "quantity": 1
    },
    {
      "product_id": {
        "$oid": "6550a413ea0371cbab510fa6"
      },
      "quantity": 3
    }
  ]
},
{
  "_id": {
    "$oid": "6550b02bea0371cbab511775"
  },
  "user_id": {
    "$oid": "6550a4d5ea0371cbab5113c3"
  },
  "products": [
    {
      "product_id": {
        "$oid": "6550a413ea0371cbab510fab"
      },
      "quantity": 2
    },
    {
      "product_id": {
        "$oid": "6550a413ea0371cbab510fac"
      },
      "quantity": 3
    },
    {
      "product_id": {
        "$oid": "6550a413ea0371cbab510fad"
      },
      "quantity": 1
    }
  ]
},
{
  "_id": {
    "$oid": "6550b02bea0371cbab511776"
  },
  "user_id": {
    "$oid": "6550a4d5ea0371cbab5113ce"
  },
  "products": [
    {
      "product_id": {
        "$oid": "6550a413ea0371cbab510fb2"
      },
      "quantity": 3
    },
    {
      "product_id": {
        "$oid": "6550a413ea0371cbab510fb3"
      },
      "quantity": 1
    },
    {
      "product_id": {
        "$oid": "6550a413ea0371cbab510fb4"
      },
      "quantity": 2
    }
  ]
}]